<?xml version="1.0" encoding="UTF-8"?><ImplementationGuide xmlns="http://hl7.org/fhir"><id value="fish"/><text><status value="extensions"/><div xmlns="http://www.w3.org/1999/xhtml"><h2>FishImplementationGuide</h2><p>The official URL for this implementation guide is: </p><pre>http://example.org/fhir/fish/ImplementationGuide/fish</pre><div><p>An example of how FSH can be used to create an IG about fish</p>
</div></div></text><url value="http://example.org/fhir/fish/ImplementationGuide/fish"/><version value="0.1.0"/><name value="FishImplementationGuide"/><title value="Fish Implementation Guide"/><status value="draft"/><date value="2021-04-01T14:28:14-04:00"/><contact><name value="Bill Cod"/><telecom><system value="email"/><value value="cod@reef.gov"/></telecom></contact><description value="An example of how FSH can be used to create an IG about fish"/><packageId value="fish"/><license value="CC0-1.0"/><fhirVersion value="4.0.1"/><definition><extension url="http://hl7.org/fhir/tools/StructureDefinition/ig-parameter"><extension url="code"><valueString value="copyrightyear"/></extension><extension url="value"><valueString value="2020+"/></extension></extension><extension url="http://hl7.org/fhir/tools/StructureDefinition/ig-parameter"><extension url="code"><valueString value="releaselabel"/></extension><extension url="value"><valueString value="ci-build"/></extension></extension><extension url="http://hl7.org/fhir/tools/StructureDefinition/ig-parameter"><extension url="code"><valueString value="apply-publisher"/></extension><extension url="value"><valueString value="true"/></extension></extension><extension url="http://hl7.org/fhir/tools/StructureDefinition/ig-parameter"><extension url="code"><valueString value="apply-contact"/></extension><extension url="value"><valueString value="true"/></extension></extension><extension url="http://hl7.org/fhir/tools/StructureDefinition/ig-parameter"><extension url="code"><valueString value="show-inherited-invariants"/></extension><extension url="value"><valueString value="false"/></extension></extension><extension url="http://hl7.org/fhir/tools/StructureDefinition/ig-parameter"><extension url="code"><valueString value="autoload-resources"/></extension><extension url="value"><valueString value="true"/></extension></extension><extension url="http://hl7.org/fhir/tools/StructureDefinition/ig-parameter"><extension url="code"><valueString value="path-liquid"/></extension><extension url="value"><valueString value="template/liquid"/></extension></extension><extension url="http://hl7.org/fhir/tools/StructureDefinition/ig-parameter"><extension url="code"><valueString value="path-liquid"/></extension><extension url="value"><valueString value="input/liquid"/></extension></extension><extension url="http://hl7.org/fhir/tools/StructureDefinition/ig-parameter"><extension url="code"><valueString value="path-qa"/></extension><extension url="value"><valueString value="temp/qa"/></extension></extension><extension url="http://hl7.org/fhir/tools/StructureDefinition/ig-parameter"><extension url="code"><valueString value="path-temp"/></extension><extension url="value"><valueString value="temp/pages"/></extension></extension><extension url="http://hl7.org/fhir/tools/StructureDefinition/ig-parameter"><extension url="code"><valueString value="path-output"/></extension><extension url="value"><valueString value="output"/></extension></extension><extension url="http://hl7.org/fhir/tools/StructureDefinition/ig-parameter"><extension url="code"><valueString value="path-suppressed-warnings"/></extension><extension url="value"><valueString value="input/ignoreWarnings.txt"/></extension></extension><extension url="http://hl7.org/fhir/tools/StructureDefinition/ig-parameter"><extension url="code"><valueString value="path-history"/></extension><extension url="value"><valueString value="http://example.org/fhir/fish/history.html"/></extension></extension><extension url="http://hl7.org/fhir/tools/StructureDefinition/ig-parameter"><extension url="code"><valueString value="template-html"/></extension><extension url="value"><valueString value="template-page.html"/></extension></extension><extension url="http://hl7.org/fhir/tools/StructureDefinition/ig-parameter"><extension url="code"><valueString value="template-md"/></extension><extension url="value"><valueString value="template-page-md.html"/></extension></extension><extension url="http://hl7.org/fhir/tools/StructureDefinition/ig-parameter"><extension url="code"><valueString value="apply-context"/></extension><extension url="value"><valueString value="true"/></extension></extension><extension url="http://hl7.org/fhir/tools/StructureDefinition/ig-parameter"><extension url="code"><valueString value="apply-copyright"/></extension><extension url="value"><valueString value="true"/></extension></extension><extension url="http://hl7.org/fhir/tools/StructureDefinition/ig-parameter"><extension url="code"><valueString value="apply-jurisdiction"/></extension><extension url="value"><valueString value="true"/></extension></extension><extension url="http://hl7.org/fhir/tools/StructureDefinition/ig-parameter"><extension url="code"><valueString value="apply-license"/></extension><extension url="value"><valueString value="true"/></extension></extension><extension url="http://hl7.org/fhir/tools/StructureDefinition/ig-parameter"><extension url="code"><valueString value="apply-version"/></extension><extension url="value"><valueString value="true"/></extension></extension><extension url="http://hl7.org/fhir/tools/StructureDefinition/ig-parameter"><extension url="code"><valueString value="active-tables"/></extension><extension url="value"><valueString value="true"/></extension></extension><grouping id="_str_profile"><name value="Structures: Resource Profiles"/><description value="These define constraints on FHIR resources for systems conforming to this implementation guide"/></grouping><grouping id="_str_extension"><name value="Structures: Extension Definitions"/><description value="These define constraints on FHIR data types for systems conforming to this implementation guide"/></grouping><grouping id="_term_valueset"><name value="Terminology: Value Sets"/><description value="These define sets of codes used by systems conforming to this implementation guide"/></grouping><grouping id="_term_codesystem"><name value="Terminology: Code Systems"/><description value="These define new code systems used by systems conforming to this implementation guide"/></grouping><grouping id="_ex_example"><name value="Example: Example Instances"/><description value="These are example instances that show what data produced and consumed by systems conforming with this implementation guide might look like"/></grouping><resource><extension url="http://hl7.org/fhir/StructureDefinition/implementationguide-page"><valueUri value="StructureDefinition-fish-patient.html"/></extension><reference><reference value="StructureDefinition/fish-patient"/></reference><name value="Fish Patient"/><description value="A patient that is a type of fish."/><exampleBoolean value="false"/><groupingId value="_str_profile"/></resource><resource><extension url="http://hl7.org/fhir/StructureDefinition/implementationguide-page"><valueUri value="StructureDefinition-HIV-MedStatement.html"/></extension><reference><reference value="StructureDefinition/HIV-MedStatement"/></reference><name value="HIV MedicationStatement - ART"/><description value="A summary of the ART medication being taken by an HIV patient"/><exampleBoolean value="false"/><groupingId value="_str_profile"/></resource><resource><extension url="http://hl7.org/fhir/StructureDefinition/implementationguide-page"><valueUri value="StructureDefinition-HIV-patient.html"/></extension><reference><reference value="StructureDefinition/HIV-patient"/></reference><name value="HIV Patient"/><description value="A patient that may be diagnosed with HIV, may have a viral load lab, and may be virally suppressed."/><exampleBoolean value="false"/><groupingId value="_str_profile"/></resource><resource><extension url="http://hl7.org/fhir/StructureDefinition/implementationguide-page"><valueUri value="StructureDefinition-veterinarian.html"/></extension><reference><reference value="StructureDefinition/veterinarian"/></reference><name value="Veterinarian"/><description value="A profile on the Practitioner resource for veterinarians. In the US, vets do not have National Provider Numbers."/><exampleBoolean value="false"/><groupingId value="_str_profile"/></resource><resource><extension url="http://hl7.org/fhir/StructureDefinition/implementationguide-page"><valueUri value="StructureDefinition-ARTStartType.html"/></extension><reference><reference value="StructureDefinition/ARTStartType"/></reference><name value="ART Start Type"/><description value="Whether the client is ART naive or is restarting ART"/><exampleBoolean value="false"/><groupingId value="_str_extension"/></resource><resource><extension url="http://hl7.org/fhir/StructureDefinition/implementationguide-page"><valueUri value="StructureDefinition-estimatedAge.html"/></extension><reference><reference value="StructureDefinition/estimatedAge"/></reference><name value="Estimated Age"/><description value="Estimated Age of Patient if date of birth is unavailable"/><exampleBoolean value="false"/><groupingId value="_str_extension"/></resource><resource><extension url="http://hl7.org/fhir/StructureDefinition/implementationguide-page"><valueUri value="StructureDefinition-fish-species.html"/></extension><reference><reference value="StructureDefinition/fish-species"/></reference><name value="Fish Species"/><description value="The species of the fish."/><exampleBoolean value="false"/><groupingId value="_str_extension"/></resource><resource><extension url="http://hl7.org/fhir/StructureDefinition/implementationguide-page"><valueUri value="ValueSet-ARTStartTypeValues.html"/></extension><reference><reference value="ValueSet/ARTStartTypeValues"/></reference><name value="ART Start Type values"/><description value="Codes describing whether the client is ART naive or is restarting ART"/><exampleBoolean value="false"/><groupingId value="_term_valueset"/></resource><resource><extension url="http://hl7.org/fhir/StructureDefinition/implementationguide-page"><valueUri value="ValueSet-fish-species-value-set.html"/></extension><reference><reference value="ValueSet/fish-species-value-set"/></reference><name value="Fish Species Value Set"/><description value="Codes describing various species of fish, taken from SNOMED-CT."/><exampleBoolean value="false"/><groupingId value="_term_valueset"/></resource><resource><extension url="http://hl7.org/fhir/StructureDefinition/implementationguide-page"><valueUri value="CodeSystem-HIVExtendedCodes.html"/></extension><reference><reference value="CodeSystem/HIVExtendedCodes"/></reference><name value="HIV Extended Codes"/><description value="Codes defined only in this Implementation Guide and require mapping to a standard semantic terminology."/><exampleBoolean value="false"/><groupingId value="_term_codesystem"/></resource><resource><extension url="http://hl7.org/fhir/StructureDefinition/implementationguide-page"><valueUri value="Patient-Shorty.html"/></extension><reference><reference value="Patient/Shorty"/></reference><name value="Shorty Example"/><exampleCanonical value="http://example.org/fhir/fish/StructureDefinition/fish-patient"/><groupingId value="_ex_example"/></resource><page><nameUrl value="toc.html"/><title value="Table of Contents"/><generation value="html"/><page><nameUrl value="index.html"/><title value="Home"/><generation value="markdown"/></page><page><nameUrl value="artifacts.html"/><title value="Artifacts Summary"/><generation value="html"/><page><nameUrl value="StructureDefinition-fish-patient.html"/><title value="Fish Patient"/><generation value="generated"/></page><page><nameUrl value="StructureDefinition-HIV-MedStatement.html"/><title value="HIV MedicationStatement - ART"/><generation value="generated"/></page><page><nameUrl value="StructureDefinition-HIV-patient.html"/><title value="HIV Patient"/><generation value="generated"/></page><page><nameUrl value="StructureDefinition-veterinarian.html"/><title value="Veterinarian"/><generation value="generated"/></page><page><nameUrl value="StructureDefinition-ARTStartType.html"/><title value="ART Start Type"/><generation value="generated"/></page><page><nameUrl value="StructureDefinition-estimatedAge.html"/><title value="Estimated Age"/><generation value="generated"/></page><page><nameUrl value="StructureDefinition-fish-species.html"/><title value="Fish Species"/><generation value="generated"/></page><page><nameUrl value="ValueSet-ARTStartTypeValues.html"/><title value="ART Start Type values"/><generation value="generated"/></page><page><nameUrl value="ValueSet-fish-species-value-set.html"/><title value="Fish Species Value Set"/><generation value="generated"/></page><page><nameUrl value="CodeSystem-HIVExtendedCodes.html"/><title value="HIV Extended Codes"/><generation value="generated"/></page><page><nameUrl value="Patient-Shorty.html"/><title value="Shorty Example"/><generation value="generated"/></page></page></page><parameter><code value="path-resource"/><value value="input/capabilities"/></parameter><parameter><code value="path-resource"/><value value="input/examples"/></parameter><parameter><code value="path-resource"/><value value="input/extensions"/></parameter><parameter><code value="path-resource"/><value value="input/models"/></parameter><parameter><code value="path-resource"/><value value="input/operations"/></parameter><parameter><code value="path-resource"/><value value="input/profiles"/></parameter><parameter><code value="path-resource"/><value value="input/resources"/></parameter><parameter><code value="path-resource"/><value value="input/vocabulary"/></parameter><parameter><code value="path-resource"/><value value="input/maps"/></parameter><parameter><code value="path-resource"/><value value="input/testing"/></parameter><parameter><code value="path-resource"/><value value="input/history"/></parameter><parameter><code value="path-resource"/><value value="fsh-generated/resources"/></parameter><parameter><code value="path-pages"/><value value="template/config"/></parameter><parameter><code value="path-pages"/><value value="input/images"/></parameter><parameter><code value="path-tx-cache"/><value value="input-cache/txcache"/></parameter></definition></ImplementationGuide>