<?xml version="1.0" encoding="UTF-8"?><ValueSet xmlns="http://hl7.org/fhir"><id value="ARTStartTypeValues"/><text><status value="extensions"/><div xmlns="http://www.w3.org/1999/xhtml"><ul><li>Include these codes as defined in <a href="CodeSystem-HIVExtendedCodes.html"><code>http://example.org/fhir/fish/CodeSystem/HIVExtendedCodes</code></a><table class="none"><tr><td style="white-space:nowrap"><b>Code</b></td><td><b>Display</b></td><td><b>Definition</b></td></tr><tr><td><a href="CodeSystem-HIVExtendedCodes.html#HIVExtendedCodes-First-time">First-time</a></td><td>First-time user of ART</td><td>Client is ART naive, having never taken ART to treat HIV before</td></tr><tr><td><a href="CodeSystem-HIVExtendedCodes.html#HIVExtendedCodes-Restarting">Restarting</a></td><td>Restarting ART</td><td>Client is restarting ART after stopping treatment for any reason</td></tr></table></li></ul></div></text><url value="http://example.org/fhir/fish/ValueSet/ARTStartTypeValues"/><version value="0.1.0"/><name value="ARTStartTypeValues"/><title value="ART Start Type values"/><status value="active"/><date value="2021-04-02T13:49:10-04:00"/><contact><name value="Bill Cod"/><telecom><system value="email"/><value value="cod@reef.gov"/></telecom></contact><description value="Codes describing whether the client is ART naive or is restarting ART"/><compose><include><system value="http://example.org/fhir/fish/CodeSystem/HIVExtendedCodes"/><concept><code value="First-time"/></concept><concept><code value="Restarting"/></concept></include></compose></ValueSet>