<?xml version="1.0" encoding="UTF-8"?><ValueSet xmlns="http://hl7.org/fhir"><id value="KeyPopValues"/><text><status value="generated"/><div xmlns="http://www.w3.org/1999/xhtml"><ul><li>Include these codes as defined in <a href="http://www.snomed.org/"><code>http://snomed.info/sct</code></a><table class="none"><tr><td style="white-space:nowrap"><b>Code</b></td><td><b>Display</b></td></tr><tr><td><a href="http://browser.ihtsdotools.org/?perspective=full&amp;conceptId1=449344001">449344001</a></td><td>Sex worker (occupation)</td></tr><tr><td><a href="http://browser.ihtsdotools.org/?perspective=full&amp;conceptId1=76102007">76102007</a></td><td>Male homosexual (finding)</td></tr><tr><td><a href="http://browser.ihtsdotools.org/?perspective=full&amp;conceptId1=12271241000119109">12271241000119109</a></td><td>Transgender identity (finding)</td></tr><tr><td><a href="http://browser.ihtsdotools.org/?perspective=full&amp;conceptId1=226034001">226034001</a></td><td>Injecting drug user (finding)</td></tr><tr><td><a href="http://browser.ihtsdotools.org/?perspective=full&amp;conceptId1=105568001">105568001</a></td><td>In prison (finding)</td></tr></table></li></ul></div></text><url value="http://example.org/fhir/fish/ValueSet/KeyPopValues"/><version value="0.1.0"/><name value="KeyPopValues"/><title value="Key Population values"/><status value="active"/><date value="2021-04-02T13:49:10-04:00"/><contact><name value="Bill Cod"/><telecom><system value="email"/><value value="cod@reef.gov"/></telecom></contact><description value="Codes describing the type of  key population that the client is included in"/><compose><include><system value="http://snomed.info/sct"/><concept><code value="449344001"/><display value="Sex worker (occupation)"/></concept><concept><code value="76102007"/><display value="Male homosexual (finding)"/></concept><concept><code value="12271241000119109"/><display value="Transgender identity (finding)"/></concept><concept><code value="226034001"/><display value="Injecting drug user (finding)"/></concept><concept><code value="105568001"/><display value="In prison (finding)"/></concept></include></compose></ValueSet>