<?xml version="1.0" encoding="UTF-8"?>

<ValueSet xmlns="http://hl7.org/fhir">
  <id value="VLReasonValues"/>
  <text>
    <status value="extensions"/><div xmlns="http://www.w3.org/1999/xhtml"><ul><li>Include these codes as defined in <a href="CodeSystem-HIVExtendedCodes.html"><code>http://example.org/fhir/fish/CodeSystem/HIVExtendedCodes</code></a><table class="none"><tr><td style="white-space:nowrap"><b>Code</b></td><td><b>Display</b></td><td><b>Definition</b></td></tr><tr><td><a href="CodeSystem-HIVExtendedCodes.html#HIVExtendedCodes-Routine">Routine</a></td><td>Routine viral load test</td><td>Routine refers to viral load tests obtained at standard intervals following ART initiation to monitor viral load response to ART</td></tr><tr><td><a href="CodeSystem-HIVExtendedCodes.html#HIVExtendedCodes-Targeted">Targeted</a></td><td>Targeted viral load monitoring</td><td>Targeted refers to viral load tests obtained based on a specific clinical indication (such as concern about disease progression or failure to respond to ART)</td></tr></table></li></ul></div>
  </text>
  <url value="http://example.org/fhir/fish/ValueSet/VLReasonValues"/>
  <version value="0.1.0"/>
  <name value="VLReasonValues"/>
  <title value="Reason for HIV viral load test values"/>
  <status value="active"/>
  <date value="2021-04-02T13:49:10-04:00"/>
  <contact>
    <name value="Bill Cod"/>
    <telecom>
      <system value="email"/>
      <value value="cod@reef.gov"/>
    </telecom>
  </contact>
  <description value="Codes describing the reason for HIV viral load test"/>
  <compose>
    <include>
      <system value="http://example.org/fhir/fish/CodeSystem/HIVExtendedCodes"/>
      <concept>
        <code value="Routine"/>
      </concept>
      <concept>
        <code value="Targeted"/>
      </concept>
    </include>
  </compose>
</ValueSet>