[
  {
    "id": "HIVExtendedCodes",
    "type": "CodeSystem",
    "url": "http://regenstrief.org/fhir/CodeSystem/HIVExtendedCodes",
    "version": "0.1.0",
    "name": "HIVExtendedCodes"
  },
  {
    "id": "fish",
    "type": "ImplementationGuide",
    "url": "http://regenstrief.org/fhir/ImplementationGuide/fish",
    "version": "0.1.0",
    "name": "SimpleHIVImplementationGuide"
  },
  {
    "id": "ARTStartType",
    "type": "StructureDefinition",
    "url": "http://regenstrief.org/fhir/StructureDefinition/ARTStartType",
    "version": "0.1.0",
    "name": "ARTStartType"
  },
  {
    "id": "HIV-MedStatement",
    "type": "StructureDefinition",
    "url": "http://regenstrief.org/fhir/StructureDefinition/HIV-MedStatement",
    "version": "0.1.0",
    "name": "HIV_MedicationStatement"
  },
  {
    "id": "HIV-patient",
    "type": "StructureDefinition",
    "url": "http://regenstrief.org/fhir/StructureDefinition/HIV-patient",
    "version": "0.1.0",
    "name": "HIV_Patient"
  },
  {
    "id": "Observation-HIV-Status",
    "type": "StructureDefinition",
    "url": "http://regenstrief.org/fhir/StructureDefinition/Observation-HIV-Status",
    "version": "0.1.0",
    "name": "Observation_HIV_Status"
  },
  {
    "id": "Observation-Key-Pop",
    "type": "StructureDefinition",
    "url": "http://regenstrief.org/fhir/StructureDefinition/Observation-Key-Pop",
    "version": "0.1.0",
    "name": "Observation_Key_Pop"
  },
  {
    "id": "Observation-Viral-Load",
    "type": "StructureDefinition",
    "url": "http://regenstrief.org/fhir/StructureDefinition/Observation-Viral-Load",
    "version": "0.1.0",
    "name": "Observation_Viral_Load"
  },
  {
    "id": "VL-reason",
    "type": "StructureDefinition",
    "url": "http://regenstrief.org/fhir/StructureDefinition/VL-reason",
    "version": "0.1.0",
    "name": "VL_reason"
  },
  {
    "id": "estimatedAge",
    "type": "StructureDefinition",
    "url": "http://regenstrief.org/fhir/StructureDefinition/estimatedAge",
    "version": "0.1.0",
    "name": "Estimated_Age"
  },
  {
    "id": "ARTStartTypeValues",
    "type": "ValueSet",
    "url": "http://regenstrief.org/fhir/ValueSet/ARTStartTypeValues",
    "version": "0.1.0",
    "name": "ARTStartTypeValues"
  },
  {
    "id": "HIVGender",
    "type": "ValueSet",
    "url": "http://regenstrief.org/fhir/ValueSet/HIVGender",
    "version": "0.1.0",
    "name": "HIVGender"
  },
  {
    "id": "HIVStatusValues",
    "type": "ValueSet",
    "url": "http://regenstrief.org/fhir/ValueSet/HIVStatusValues",
    "version": "0.1.0",
    "name": "HIVStatusValues"
  },
  {
    "id": "KeyPopValues",
    "type": "ValueSet",
    "url": "http://regenstrief.org/fhir/ValueSet/KeyPopValues",
    "version": "0.1.0",
    "name": "KeyPopValues"
  },
  {
    "id": "VLReasonValues",
    "type": "ValueSet",
    "url": "http://regenstrief.org/fhir/ValueSet/VLReasonValues",
    "version": "0.1.0",
    "name": "VLReasonValues"
  }
]