{
  "resourceType": "Patient",
  "id": "Shorty",
  "meta": {
    "profile": [
      "http://example.org/fhir/fish/StructureDefinition/fish-patient"
    ]
  },
  "text": {
    "status": "extensions",
    "div": "<div xmlns=\"http://www.w3.org/1999/xhtml\"><p><b>Generated Narrative</b></p><p><b>Fish Species</b>: <span title=\"Codes: {http://snomed.info/sct 47978005}\">Carpiodes cyprinus (organism)</span></p><p><b>name</b>: Shorty Koi-Fish </p></div>"
  },
  "extension": [
    {
      "url": "http://example.org/fhir/fish/StructureDefinition/fish-species",
      "valueCodeableConcept": {
        "coding": [
          {
            "system": "http://snomed.info/sct",
            "code": "47978005",
            "display": "Carpiodes cyprinus (organism)"
          }
        ]
      }
    }
  ],
  "name": [
    {
      "family": "Koi-Fish",
      "given": [
        "Shorty"
      ]
    }
  ]
}