{
  "package": "fish",
  "version": "0.1.0",
  "fhirVersion": "4.0.1",
  "extensions": [
    {
      "url": "http://example.org/fhir/fish/StructureDefinition/ARTStartType",
      "title": "ART Start Type",
      "types": [
        "CodeableConcept",
        "CodeableConcept"
      ]
    },
    {
      "url": "http://example.org/fhir/fish/StructureDefinition/VL-reason",
      "title": "Reason for HIV viral load test",
      "types": [
        "CodeableConcept",
        "CodeableConcept"
      ]
    },
    {
      "url": "http://example.org/fhir/fish/StructureDefinition/estimatedAge",
      "title": "Estimated Age",
      "types": [
        "integer"
      ]
    }
  ],
  "profiles": {
    "MedicationStatement": [
      {
        "url": "http://example.org/fhir/fish/StructureDefinition/HIV-MedStatement",
        "title": "HIV MedicationStatement - ART"
      }
    ],
    "Patient": [
      {
        "url": "http://example.org/fhir/fish/StructureDefinition/HIV-patient",
        "title": "HIV Patient"
      }
    ],
    "Observation": [
      {
        "url": "http://example.org/fhir/fish/StructureDefinition/Observation-HIV-Status",
        "title": "Observation - HIV Status"
      },
      {
        "url": "http://example.org/fhir/fish/StructureDefinition/Observation-Key-Pop",
        "title": "Observation - Key Population"
      },
      {
        "url": "http://example.org/fhir/fish/StructureDefinition/Observation-Viral-Load",
        "title": "Observation - Viral Load Test"
      }
    ]
  },
  "usage": {
    "http://example.org/fhir/fish/StructureDefinition/ARTStartType": [
      "MedicationStatement"
    ],
    "http://example.org/fhir/fish/StructureDefinition/VL-reason": [
      "Observation"
    ],
    "http://example.org/fhir/fish/StructureDefinition/estimatedAge": [
      "Patient"
    ],
    "http://hl7.org/fhir/StructureDefinition/elementdefinition-bestpractice": [
      "StructureDefinition.snapshot.element.constraint"
    ],
    "http://hl7.org/fhir/StructureDefinition/elementdefinition-bestpractice-explanation": [
      "StructureDefinition.snapshot.element.constraint"
    ],
    "http://hl7.org/fhir/StructureDefinition/elementdefinition-bindingName": [
      "StructureDefinition.snapshot.element.binding"
    ],
    "http://hl7.org/fhir/StructureDefinition/elementdefinition-isCommonBinding": [
      "StructureDefinition.snapshot.element.binding"
    ],
    "http://hl7.org/fhir/StructureDefinition/elementdefinition-maxValueSet": [
      "StructureDefinition.snapshot.element.binding"
    ],
    "http://hl7.org/fhir/StructureDefinition/structuredefinition-category": [
      "StructureDefinition"
    ],
    "http://hl7.org/fhir/StructureDefinition/structuredefinition-display-hint": [
      "StructureDefinition.snapshot.element"
    ],
    "http://hl7.org/fhir/StructureDefinition/structuredefinition-explicit-type-name": [
      "StructureDefinition.snapshot.element"
    ],
    "http://hl7.org/fhir/StructureDefinition/structuredefinition-fhir-type": [
      "StructureDefinition.snapshot.element.type"
    ],
    "http://hl7.org/fhir/StructureDefinition/structuredefinition-hierarchy": [
      "StructureDefinition.snapshot.element.type"
    ],
    "http://hl7.org/fhir/StructureDefinition/structuredefinition-security-category": [
      "StructureDefinition"
    ],
    "http://hl7.org/fhir/StructureDefinition/structuredefinition-standards-status": [
      "StructureDefinition.snapshot.element"
    ],
    "http://hl7.org/fhir/tools/StructureDefinition/ig-parameter": [
      "ImplementationGuide.definition"
    ],
    "http://hl7.org/fhir/tools/StructureDefinition/resource-information": [
      "ImplementationGuide.definition.resource"
    ]
  }
}