<?xml version="1.0" encoding="UTF-8"?>

<ValueSet xmlns="http://hl7.org/fhir">
  <id value="HIVGender"/>
  <text>
    <status value="extensions"/><div xmlns="http://www.w3.org/1999/xhtml"><p>This value set includes codes based on the following rules:</p><ul><li>Include these codes as defined in <a href="http://hl7.org/fhir/R4/codesystem-administrative-gender.html"><code>http://hl7.org/fhir/administrative-gender</code></a><table class="none"><tr><td style="white-space:nowrap"><b>Code</b></td><td><b>Display</b></td><td><b>Definition</b></td></tr><tr><td><a href="http://hl7.org/fhir/R4/codesystem-administrative-gender.html#administrative-gender-male">male</a></td><td>Male</td><td>Male.</td></tr><tr><td><a href="http://hl7.org/fhir/R4/codesystem-administrative-gender.html#administrative-gender-female">female</a></td><td>Female</td><td>Female.</td></tr><tr><td><a href="http://hl7.org/fhir/R4/codesystem-administrative-gender.html#administrative-gender-other">other</a></td><td>Other</td><td>Other.</td></tr></table></li><li>Include these codes as defined in <a href="http://www.snomed.org/"><code>http://snomed.info/sct</code></a><table class="none"><tr><td style="white-space:nowrap"><b>Code</b></td><td><b>Display</b></td></tr><tr><td><a href="http://browser.ihtsdotools.org/?perspective=full&amp;conceptId1=12271241000119109">12271241000119109</a></td><td>Transgender identity (finding)</td></tr></table></li></ul></div>
  </text>
  <url value="http://regenstrief.org/fhir/ValueSet/HIVGender"/>
  <version value="0.1.0"/>
  <name value="HIVGender"/>
  <title value="Gender values"/>
  <status value="active"/>
  <date value="2021-04-13T10:27:50-04:00"/>
  <contact>
    <name value="Joseph Amlung"/>
    <telecom>
      <system value="email"/>
      <value value="jamlung@regenstrief.org"/>
    </telecom>
  </contact>
  <description value="Codes describing the gender of the client"/>
  <compose>
    <include>
      <system value="http://hl7.org/fhir/administrative-gender"/>
      <concept>
        <code value="male"/>
      </concept>
      <concept>
        <code value="female"/>
      </concept>
      <concept>
        <code value="other"/>
      </concept>
    </include>
    <include>
      <system value="http://snomed.info/sct"/>
      <concept>
        <code value="12271241000119109"/>
        <display value="Transgender identity (finding)"/>
      </concept>
    </include>
  </compose>
</ValueSet>