<?xml version="1.0" encoding="UTF-8"?>

<ValueSet xmlns="http://hl7.org/fhir">
  <id value="HIVStatusValues"/>
  <text>
    <status value="generated"/><div xmlns="http://www.w3.org/1999/xhtml"><ul><li>Include these codes as defined in <a href="http://www.snomed.org/"><code>http://snomed.info/sct</code></a><table class="none"><tr><td style="white-space:nowrap"><b>Code</b></td><td><b>Display</b></td></tr><tr><td><a href="http://browser.ihtsdotools.org/?perspective=full&amp;conceptId1=165816005">165816005</a></td><td>Human immunodeficiency virus infection (disorder)</td></tr><tr><td><a href="http://browser.ihtsdotools.org/?perspective=full&amp;conceptId1=165815009">165815009</a></td><td>Human immunodeficiency virus negative (finding)</td></tr><tr><td><a href="http://browser.ihtsdotools.org/?perspective=full&amp;conceptId1=419984006">419984006</a></td><td>Inconclusive (qualifier value)</td></tr></table></li></ul></div>
  </text>
  <url value="http://example.org/fhir/fish/ValueSet/HIVStatusValues"/>
  <version value="0.1.0"/>
  <name value="HIVStatusValues"/>
  <title value="HIV Status values"/>
  <status value="active"/>
  <date value="2021-04-02T13:49:10-04:00"/>
  <contact>
    <name value="Bill Cod"/>
    <telecom>
      <system value="email"/>
      <value value="cod@reef.gov"/>
    </telecom>
  </contact>
  <description value="Codes describing whether the client received a positive HIV test result"/>
  <compose>
    <include>
      <system value="http://snomed.info/sct"/>
      <concept>
        <code value="165816005"/>
        <display value="Human immunodeficiency virus infection (disorder)"/>
      </concept>
      <concept>
        <code value="165815009"/>
        <display value="Human immunodeficiency virus negative (finding)"/>
      </concept>
      <concept>
        <code value="419984006"/>
        <display value="Inconclusive (qualifier value)"/>
      </concept>
    </include>
  </compose>
</ValueSet>