{"resourceType":"ValueSet","id":"KeyPopValues","text":{"status":"generated","div":"<div xmlns=\"http://www.w3.org/1999/xhtml\"><ul><li>Include these codes as defined in <a href=\"http://www.snomed.org/\"><code>http://snomed.info/sct</code></a><table class=\"none\"><tr><td style=\"white-space:nowrap\"><b>Code</b></td><td><b>Display</b></td></tr><tr><td><a href=\"http://browser.ihtsdotools.org/?perspective=full&amp;conceptId1=449344001\">449344001</a></td><td>Sex worker (occupation)</td></tr><tr><td><a href=\"http://browser.ihtsdotools.org/?perspective=full&amp;conceptId1=76102007\">76102007</a></td><td>Male homosexual (finding)</td></tr><tr><td><a href=\"http://browser.ihtsdotools.org/?perspective=full&amp;conceptId1=12271241000119109\">12271241000119109</a></td><td>Transgender identity (finding)</td></tr><tr><td><a href=\"http://browser.ihtsdotools.org/?perspective=full&amp;conceptId1=226034001\">226034001</a></td><td>Injecting drug user (finding)</td></tr><tr><td><a href=\"http://browser.ihtsdotools.org/?perspective=full&amp;conceptId1=105568001\">105568001</a></td><td>In prison (finding)</td></tr></table></li></ul></div>"},"url":"http://regenstrief.org/fhir/ValueSet/KeyPopValues","version":"0.1.0","name":"KeyPopValues","title":"Key Population values","status":"active","date":"2021-04-13T10:27:50-04:00","contact":[{"name":"Joseph Amlung","telecom":[{"system":"email","value":"jamlung@regenstrief.org"}]}],"description":"Codes describing the type of  key population that the client is included in","compose":{"include":[{"system":"http://snomed.info/sct","concept":[{"code":"449344001","display":"Sex worker (occupation)"},{"code":"76102007","display":"Male homosexual (finding)"},{"code":"12271241000119109","display":"Transgender identity (finding)"},{"code":"226034001","display":"Injecting drug user (finding)"},{"code":"105568001","display":"In prison (finding)"}]}]}}