{"resourceType":"ValueSet","id":"VLReasonValues","text":{"status":"extensions","div":"<div xmlns=\"http://www.w3.org/1999/xhtml\"><ul><li>Include these codes as defined in <a href=\"CodeSystem-HIVExtendedCodes.html\"><code>http://regenstrief.org/fhir/CodeSystem/HIVExtendedCodes</code></a><table class=\"none\"><tr><td style=\"white-space:nowrap\"><b>Code</b></td><td><b>Display</b></td><td><b>Definition</b></td></tr><tr><td><a href=\"CodeSystem-HIVExtendedCodes.html#HIVExtendedCodes-Routine\">Routine</a></td><td>Routine viral load test</td><td>Routine refers to viral load tests obtained at standard intervals following ART initiation to monitor viral load response to ART</td></tr><tr><td><a href=\"CodeSystem-HIVExtendedCodes.html#HIVExtendedCodes-Targeted\">Targeted</a></td><td>Targeted viral load monitoring</td><td>Targeted refers to viral load tests obtained based on a specific clinical indication (such as concern about disease progression or failure to respond to ART)</td></tr></table></li></ul></div>"},"url":"http://regenstrief.org/fhir/ValueSet/VLReasonValues","version":"0.1.0","name":"VLReasonValues","title":"Reason for HIV viral load test values","status":"active","date":"2021-04-13T10:27:50-04:00","contact":[{"name":"Joseph Amlung","telecom":[{"system":"email","value":"jamlung@regenstrief.org"}]}],"description":"Codes describing the reason for HIV viral load test","compose":{"include":[{"system":"http://regenstrief.org/fhir/CodeSystem/HIVExtendedCodes","concept":[{"code":"Routine"},{"code":"Targeted"}]}]}}