{"resourceType":"ValueSet","id":"fish-species-value-set","text":{"status":"generated","div":"<div xmlns=\"http://www.w3.org/1999/xhtml\"><ul><li>Include codes from <a href=\"http://www.snomed.org/\"><code>http://snomed.info/sct</code></a> where concept  is-a  90580008 (Fish)</li></ul></div>"},"url":"http://example.org/fhir/fish/ValueSet/fish-species-value-set","version":"0.1.0","name":"FishSpeciesValueSet","title":"Fish Species Value Set","status":"active","date":"2021-04-01T10:12:55-04:00","contact":[{"name":"Bill Cod","telecom":[{"system":"email","value":"cod@reef.gov"}]}],"description":"Codes describing various species of fish, taken from SNOMED-CT.","compose":{"include":[{"system":"http://snomed.info/sct","filter":[{"property":"concept","op":"is-a","value":"90580008"}]}]}}