{"resourceType":"ValueSet","id":"ARTStartTypeValues","text":{"status":"generated","div":"<div xmlns=\"http://www.w3.org/1999/xhtml\"><ul><li>Include all codes defined in <a href=\"CodeSystem-HIVExtendedCodes.html\"><code>http://example.org/fhir/fish/CodeSystem/HIVExtendedCodes</code></a></li></ul></div>"},"url":"http://example.org/fhir/fish/ValueSet/ARTStartTypeValues","version":"0.1.0","name":"ARTStartTypeValues","title":"ART Start Type values","status":"active","date":"2021-04-01T14:28:14-04:00","contact":[{"name":"Bill Cod","telecom":[{"system":"email","value":"cod@reef.gov"}]}],"description":"Codes describing whether the client is ART naive or is restarting ART","compose":{"include":[{"system":"http://example.org/fhir/fish/CodeSystem/HIVExtendedCodes"}]}}