{
  "resourceType": "CodeSystem",
  "id": "HIVExtendedCodes",
  "text": {
    "status": "generated",
    "div": "<div xmlns=\"http://www.w3.org/1999/xhtml\"><p>This code system http://example.org/fhir/fish/CodeSystem/HIVExtendedCodes defines the following codes:</p><table class=\"codes\"><tr><td style=\"white-space:nowrap\"><b>Code</b></td><td><b>Display</b></td><td><b>Definition</b></td></tr><tr><td style=\"white-space:nowrap\">First-time<a name=\"HIVExtendedCodes-First-time\"> </a></td><td>First-time user of ART</td><td>Client is ART naive, having never taken ART to treat HIV before</td></tr><tr><td style=\"white-space:nowrap\">Restarting<a name=\"HIVExtendedCodes-Restarting\"> </a></td><td>Restarting ART</td><td>Client is restarting ART after stopping treatment for any reason</td></tr></table></div>"
  },
  "url": "http://example.org/fhir/fish/CodeSystem/HIVExtendedCodes",
  "version": "0.1.0",
  "name": "HIVExtendedCodes",
  "title": "HIV Extended Codes",
  "status": "active",
  "date": "2021-04-01T14:28:14-04:00",
  "contact": [
    {
      "name": "Bill Cod",
      "telecom": [
        {
          "system": "email",
          "value": "cod@reef.gov"
        }
      ]
    }
  ],
  "description": "Codes defined only in this Implementation Guide and require mapping to a standard semantic terminology.",
  "content": "complete",
  "count": 2,
  "concept": [
    {
      "code": "First-time",
      "display": "First-time user of ART",
      "definition": "Client is ART naive, having never taken ART to treat HIV before"
    },
    {
      "code": "Restarting",
      "display": "Restarting ART",
      "definition": "Client is restarting ART after stopping treatment for any reason"
    }
  ]
}