{
  "resourceType": "ValueSet",
  "id": "ARTStartTypeValues",
  "text": {
    "status": "extensions",
    "div": "<div xmlns=\"http://www.w3.org/1999/xhtml\"><ul><li>Include these codes as defined in <a href=\"CodeSystem-HIVExtendedCodes.html\"><code>http://example.org/fhir/fish/CodeSystem/HIVExtendedCodes</code></a><table class=\"none\"><tr><td style=\"white-space:nowrap\"><b>Code</b></td><td><b>Display</b></td><td><b>Definition</b></td></tr><tr><td><a href=\"CodeSystem-HIVExtendedCodes.html#HIVExtendedCodes-First-time\">First-time</a></td><td>First-time user of ART</td><td>Client is ART naive, having never taken ART to treat HIV before</td></tr><tr><td><a href=\"CodeSystem-HIVExtendedCodes.html#HIVExtendedCodes-Restarting\">Restarting</a></td><td>Restarting ART</td><td>Client is restarting ART after stopping treatment for any reason</td></tr></table></li></ul></div>"
  },
  "url": "http://example.org/fhir/fish/ValueSet/ARTStartTypeValues",
  "version": "0.1.0",
  "name": "ARTStartTypeValues",
  "title": "ART Start Type values",
  "status": "active",
  "date": "2021-04-02T13:49:10-04:00",
  "contact": [
    {
      "name": "Bill Cod",
      "telecom": [
        {
          "system": "email",
          "value": "cod@reef.gov"
        }
      ]
    }
  ],
  "description": "Codes describing whether the client is ART naive or is restarting ART",
  "compose": {
    "include": [
      {
        "system": "http://example.org/fhir/fish/CodeSystem/HIVExtendedCodes",
        "concept": [
          {
            "code": "First-time"
          },
          {
            "code": "Restarting"
          }
        ]
      }
    ]
  }
}